"","red","green","blue","alpha"
"white",1,1,1,1
"aliceblue",0.941176470588235,0.972549019607843,1,1
"antiquewhite",0.980392156862745,0.92156862745098,0.843137254901961,1
"antiquewhite1",1,0.937254901960784,0.858823529411765,1
"antiquewhite2",0.933333333333333,0.874509803921569,0.8,1
"antiquewhite3",0.803921568627451,0.752941176470588,0.690196078431373,1
"antiquewhite4",0.545098039215686,0.513725490196078,0.470588235294118,1
"aquamarine",0.498039215686275,1,0.831372549019608,1
"aquamarine1",0.498039215686275,1,0.831372549019608,1
"aquamarine2",0.462745098039216,0.933333333333333,0.776470588235294,1
"aquamarine3",0.4,0.803921568627451,0.666666666666667,1
"aquamarine4",0.270588235294118,0.545098039215686,0.454901960784314,1
"azure",0.941176470588235,1,1,1
"azure1",0.941176470588235,1,1,1
"azure2",0.87843137254902,0.933333333333333,0.933333333333333,1
"azure3",0.756862745098039,0.803921568627451,0.803921568627451,1
"azure4",0.513725490196078,0.545098039215686,0.545098039215686,1
"beige",0.96078431372549,0.96078431372549,0.862745098039216,1
"bisque",1,0.894117647058824,0.768627450980392,1
"bisque1",1,0.894117647058824,0.768627450980392,1
"bisque2",0.933333333333333,0.835294117647059,0.717647058823529,1
"bisque3",0.803921568627451,0.717647058823529,0.619607843137255,1
"bisque4",0.545098039215686,0.490196078431373,0.419607843137255,1
"black",0,0,0,1
"blanchedalmond",1,0.92156862745098,0.803921568627451,1
"blue",0,0,1,1
"blue1",0,0,1,1
"blue2",0,0,0.933333333333333,1
"blue3",0,0,0.803921568627451,1
"blue4",0,0,0.545098039215686,1
"blueviolet",0.541176470588235,0.168627450980392,0.886274509803922,1
"brown",0.647058823529412,0.164705882352941,0.164705882352941,1
"brown1",1,0.250980392156863,0.250980392156863,1
"brown2",0.933333333333333,0.231372549019608,0.231372549019608,1
"brown3",0.803921568627451,0.2,0.2,1
"brown4",0.545098039215686,0.137254901960784,0.137254901960784,1
"burlywood",0.870588235294118,0.72156862745098,0.529411764705882,1
"burlywood1",1,0.827450980392157,0.607843137254902,1
"burlywood2",0.933333333333333,0.772549019607843,0.568627450980392,1
"burlywood3",0.803921568627451,0.666666666666667,0.490196078431373,1
"burlywood4",0.545098039215686,0.450980392156863,0.333333333333333,1
"cadetblue",0.372549019607843,0.619607843137255,0.627450980392157,1
"cadetblue1",0.596078431372549,0.96078431372549,1,1
"cadetblue2",0.556862745098039,0.898039215686275,0.933333333333333,1
"cadetblue3",0.47843137254902,0.772549019607843,0.803921568627451,1
"cadetblue4",0.325490196078431,0.525490196078431,0.545098039215686,1
"chartreuse",0.498039215686275,1,0,1
"chartreuse1",0.498039215686275,1,0,1
"chartreuse2",0.462745098039216,0.933333333333333,0,1
"chartreuse3",0.4,0.803921568627451,0,1
"chartreuse4",0.270588235294118,0.545098039215686,0,1
"chocolate",0.823529411764706,0.411764705882353,0.117647058823529,1
"chocolate1",1,0.498039215686275,0.141176470588235,1
"chocolate2",0.933333333333333,0.462745098039216,0.129411764705882,1
"chocolate3",0.803921568627451,0.4,0.113725490196078,1
"chocolate4",0.545098039215686,0.270588235294118,0.0745098039215686,1
"coral",1,0.498039215686275,0.313725490196078,1
"coral1",1,0.447058823529412,0.337254901960784,1
"coral2",0.933333333333333,0.415686274509804,0.313725490196078,1
"coral3",0.803921568627451,0.356862745098039,0.270588235294118,1
"coral4",0.545098039215686,0.243137254901961,0.184313725490196,1
"cornflowerblue",0.392156862745098,0.584313725490196,0.929411764705882,1
"cornsilk",1,0.972549019607843,0.862745098039216,1
"cornsilk1",1,0.972549019607843,0.862745098039216,1
"cornsilk2",0.933333333333333,0.909803921568627,0.803921568627451,1
"cornsilk3",0.803921568627451,0.784313725490196,0.694117647058824,1
"cornsilk4",0.545098039215686,0.533333333333333,0.470588235294118,1
"cyan",0,1,1,1
"cyan1",0,1,1,1
"cyan2",0,0.933333333333333,0.933333333333333,1
"cyan3",0,0.803921568627451,0.803921568627451,1
"cyan4",0,0.545098039215686,0.545098039215686,1
"darkblue",0,0,0.545098039215686,1
"darkcyan",0,0.545098039215686,0.545098039215686,1
"darkgoldenrod",0.72156862745098,0.525490196078431,0.0431372549019608,1
"darkgoldenrod1",1,0.725490196078431,0.0588235294117647,1
"darkgoldenrod2",0.933333333333333,0.67843137254902,0.0549019607843137,1
"darkgoldenrod3",0.803921568627451,0.584313725490196,0.0470588235294118,1
"darkgoldenrod4",0.545098039215686,0.396078431372549,0.0313725490196078,1
"darkgray",0.662745098039216,0.662745098039216,0.662745098039216,1
"darkgreen",0,0.392156862745098,0,1
"darkgrey",0.662745098039216,0.662745098039216,0.662745098039216,1
"darkkhaki",0.741176470588235,0.717647058823529,0.419607843137255,1
"darkmagenta",0.545098039215686,0,0.545098039215686,1
"darkolivegreen",0.333333333333333,0.419607843137255,0.184313725490196,1
"darkolivegreen1",0.792156862745098,1,0.43921568627451,1
"darkolivegreen2",0.737254901960784,0.933333333333333,0.407843137254902,1
"darkolivegreen3",0.635294117647059,0.803921568627451,0.352941176470588,1
"darkolivegreen4",0.431372549019608,0.545098039215686,0.23921568627451,1
"darkorange",1,0.549019607843137,0,1
"darkorange1",1,0.498039215686275,0,1
"darkorange2",0.933333333333333,0.462745098039216,0,1
"darkorange3",0.803921568627451,0.4,0,1
"darkorange4",0.545098039215686,0.270588235294118,0,1
"darkorchid",0.6,0.196078431372549,0.8,1
"darkorchid1",0.749019607843137,0.243137254901961,1,1
"darkorchid2",0.698039215686274,0.227450980392157,0.933333333333333,1
"darkorchid3",0.603921568627451,0.196078431372549,0.803921568627451,1
"darkorchid4",0.407843137254902,0.133333333333333,0.545098039215686,1
"darkred",0.545098039215686,0,0,1
"darksalmon",0.913725490196078,0.588235294117647,0.47843137254902,1
"darkseagreen",0.56078431372549,0.737254901960784,0.56078431372549,1
"darkseagreen1",0.756862745098039,1,0.756862745098039,1
"darkseagreen2",0.705882352941177,0.933333333333333,0.705882352941177,1
"darkseagreen3",0.607843137254902,0.803921568627451,0.607843137254902,1
"darkseagreen4",0.411764705882353,0.545098039215686,0.411764705882353,1
"darkslateblue",0.282352941176471,0.23921568627451,0.545098039215686,1
"darkslategray",0.184313725490196,0.309803921568627,0.309803921568627,1
"darkslategray1",0.592156862745098,1,1,1
"darkslategray2",0.552941176470588,0.933333333333333,0.933333333333333,1
"darkslategray3",0.474509803921569,0.803921568627451,0.803921568627451,1
"darkslategray4",0.32156862745098,0.545098039215686,0.545098039215686,1
"darkslategrey",0.184313725490196,0.309803921568627,0.309803921568627,1
"darkturquoise",0,0.807843137254902,0.819607843137255,1
"darkviolet",0.580392156862745,0,0.827450980392157,1
"deeppink",1,0.0784313725490196,0.576470588235294,1
"deeppink1",1,0.0784313725490196,0.576470588235294,1
"deeppink2",0.933333333333333,0.0705882352941176,0.537254901960784,1
"deeppink3",0.803921568627451,0.0627450980392157,0.462745098039216,1
"deeppink4",0.545098039215686,0.0392156862745098,0.313725490196078,1
"deepskyblue",0,0.749019607843137,1,1
"deepskyblue1",0,0.749019607843137,1,1
"deepskyblue2",0,0.698039215686274,0.933333333333333,1
"deepskyblue3",0,0.603921568627451,0.803921568627451,1
"deepskyblue4",0,0.407843137254902,0.545098039215686,1
"dimgray",0.411764705882353,0.411764705882353,0.411764705882353,1
"dimgrey",0.411764705882353,0.411764705882353,0.411764705882353,1
"dodgerblue",0.117647058823529,0.564705882352941,1,1
"dodgerblue1",0.117647058823529,0.564705882352941,1,1
"dodgerblue2",0.109803921568627,0.525490196078431,0.933333333333333,1
"dodgerblue3",0.0941176470588235,0.454901960784314,0.803921568627451,1
"dodgerblue4",0.0627450980392157,0.305882352941176,0.545098039215686,1
"firebrick",0.698039215686274,0.133333333333333,0.133333333333333,1
"firebrick1",1,0.188235294117647,0.188235294117647,1
"firebrick2",0.933333333333333,0.172549019607843,0.172549019607843,1
"firebrick3",0.803921568627451,0.149019607843137,0.149019607843137,1
"firebrick4",0.545098039215686,0.101960784313725,0.101960784313725,1
"floralwhite",1,0.980392156862745,0.941176470588235,1
"forestgreen",0.133333333333333,0.545098039215686,0.133333333333333,1
"gainsboro",0.862745098039216,0.862745098039216,0.862745098039216,1
"ghostwhite",0.972549019607843,0.972549019607843,1,1
"gold",1,0.843137254901961,0,1
"gold1",1,0.843137254901961,0,1
"gold2",0.933333333333333,0.788235294117647,0,1
"gold3",0.803921568627451,0.67843137254902,0,1
"gold4",0.545098039215686,0.458823529411765,0,1
"goldenrod",0.854901960784314,0.647058823529412,0.125490196078431,1
"goldenrod1",1,0.756862745098039,0.145098039215686,1
"goldenrod2",0.933333333333333,0.705882352941177,0.133333333333333,1
"goldenrod3",0.803921568627451,0.607843137254902,0.113725490196078,1
"goldenrod4",0.545098039215686,0.411764705882353,0.0784313725490196,1
"gray",0.745098039215686,0.745098039215686,0.745098039215686,1
"gray0",0,0,0,1
"gray1",0.0117647058823529,0.0117647058823529,0.0117647058823529,1
"gray2",0.0196078431372549,0.0196078431372549,0.0196078431372549,1
"gray3",0.0313725490196078,0.0313725490196078,0.0313725490196078,1
"gray4",0.0392156862745098,0.0392156862745098,0.0392156862745098,1
"gray5",0.0509803921568627,0.0509803921568627,0.0509803921568627,1
"gray6",0.0588235294117647,0.0588235294117647,0.0588235294117647,1
"gray7",0.0705882352941176,0.0705882352941176,0.0705882352941176,1
"gray8",0.0784313725490196,0.0784313725490196,0.0784313725490196,1
"gray9",0.0901960784313725,0.0901960784313725,0.0901960784313725,1
"gray10",0.101960784313725,0.101960784313725,0.101960784313725,1
"gray11",0.109803921568627,0.109803921568627,0.109803921568627,1
"gray12",0.12156862745098,0.12156862745098,0.12156862745098,1
"gray13",0.129411764705882,0.129411764705882,0.129411764705882,1
"gray14",0.141176470588235,0.141176470588235,0.141176470588235,1
"gray15",0.149019607843137,0.149019607843137,0.149019607843137,1
"gray16",0.16078431372549,0.16078431372549,0.16078431372549,1
"gray17",0.168627450980392,0.168627450980392,0.168627450980392,1
"gray18",0.180392156862745,0.180392156862745,0.180392156862745,1
"gray19",0.188235294117647,0.188235294117647,0.188235294117647,1
"gray20",0.2,0.2,0.2,1
"gray21",0.211764705882353,0.211764705882353,0.211764705882353,1
"gray22",0.219607843137255,0.219607843137255,0.219607843137255,1
"gray23",0.231372549019608,0.231372549019608,0.231372549019608,1
"gray24",0.23921568627451,0.23921568627451,0.23921568627451,1
"gray25",0.250980392156863,0.250980392156863,0.250980392156863,1
"gray26",0.258823529411765,0.258823529411765,0.258823529411765,1
"gray27",0.270588235294118,0.270588235294118,0.270588235294118,1
"gray28",0.27843137254902,0.27843137254902,0.27843137254902,1
"gray29",0.290196078431373,0.290196078431373,0.290196078431373,1
"gray30",0.301960784313725,0.301960784313725,0.301960784313725,1
"gray31",0.309803921568627,0.309803921568627,0.309803921568627,1
"gray32",0.32156862745098,0.32156862745098,0.32156862745098,1
"gray33",0.329411764705882,0.329411764705882,0.329411764705882,1
"gray34",0.341176470588235,0.341176470588235,0.341176470588235,1
"gray35",0.349019607843137,0.349019607843137,0.349019607843137,1
"gray36",0.36078431372549,0.36078431372549,0.36078431372549,1
"gray37",0.368627450980392,0.368627450980392,0.368627450980392,1
"gray38",0.380392156862745,0.380392156862745,0.380392156862745,1
"gray39",0.388235294117647,0.388235294117647,0.388235294117647,1
"gray40",0.4,0.4,0.4,1
"gray41",0.411764705882353,0.411764705882353,0.411764705882353,1
"gray42",0.419607843137255,0.419607843137255,0.419607843137255,1
"gray43",0.431372549019608,0.431372549019608,0.431372549019608,1
"gray44",0.43921568627451,0.43921568627451,0.43921568627451,1
"gray45",0.450980392156863,0.450980392156863,0.450980392156863,1
"gray46",0.458823529411765,0.458823529411765,0.458823529411765,1
"gray47",0.470588235294118,0.470588235294118,0.470588235294118,1
"gray48",0.47843137254902,0.47843137254902,0.47843137254902,1
"gray49",0.490196078431373,0.490196078431373,0.490196078431373,1
"gray50",0.498039215686275,0.498039215686275,0.498039215686275,1
"gray51",0.509803921568627,0.509803921568627,0.509803921568627,1
"gray52",0.52156862745098,0.52156862745098,0.52156862745098,1
"gray53",0.529411764705882,0.529411764705882,0.529411764705882,1
"gray54",0.541176470588235,0.541176470588235,0.541176470588235,1
"gray55",0.549019607843137,0.549019607843137,0.549019607843137,1
"gray56",0.56078431372549,0.56078431372549,0.56078431372549,1
"gray57",0.568627450980392,0.568627450980392,0.568627450980392,1
"gray58",0.580392156862745,0.580392156862745,0.580392156862745,1
"gray59",0.588235294117647,0.588235294117647,0.588235294117647,1
"gray60",0.6,0.6,0.6,1
"gray61",0.611764705882353,0.611764705882353,0.611764705882353,1
"gray62",0.619607843137255,0.619607843137255,0.619607843137255,1
"gray63",0.631372549019608,0.631372549019608,0.631372549019608,1
"gray64",0.63921568627451,0.63921568627451,0.63921568627451,1
"gray65",0.650980392156863,0.650980392156863,0.650980392156863,1
"gray66",0.658823529411765,0.658823529411765,0.658823529411765,1
"gray67",0.670588235294118,0.670588235294118,0.670588235294118,1
"gray68",0.67843137254902,0.67843137254902,0.67843137254902,1
"gray69",0.690196078431373,0.690196078431373,0.690196078431373,1
"gray70",0.701960784313725,0.701960784313725,0.701960784313725,1
"gray71",0.709803921568627,0.709803921568627,0.709803921568627,1
"gray72",0.72156862745098,0.72156862745098,0.72156862745098,1
"gray73",0.729411764705882,0.729411764705882,0.729411764705882,1
"gray74",0.741176470588235,0.741176470588235,0.741176470588235,1
"gray75",0.749019607843137,0.749019607843137,0.749019607843137,1
"gray76",0.76078431372549,0.76078431372549,0.76078431372549,1
"gray77",0.768627450980392,0.768627450980392,0.768627450980392,1
"gray78",0.780392156862745,0.780392156862745,0.780392156862745,1
"gray79",0.788235294117647,0.788235294117647,0.788235294117647,1
"gray80",0.8,0.8,0.8,1
"gray81",0.811764705882353,0.811764705882353,0.811764705882353,1
"gray82",0.819607843137255,0.819607843137255,0.819607843137255,1
"gray83",0.831372549019608,0.831372549019608,0.831372549019608,1
"gray84",0.83921568627451,0.83921568627451,0.83921568627451,1
"gray85",0.850980392156863,0.850980392156863,0.850980392156863,1
"gray86",0.858823529411765,0.858823529411765,0.858823529411765,1
"gray87",0.870588235294118,0.870588235294118,0.870588235294118,1
"gray88",0.87843137254902,0.87843137254902,0.87843137254902,1
"gray89",0.890196078431372,0.890196078431372,0.890196078431372,1
"gray90",0.898039215686275,0.898039215686275,0.898039215686275,1
"gray91",0.909803921568627,0.909803921568627,0.909803921568627,1
"gray92",0.92156862745098,0.92156862745098,0.92156862745098,1
"gray93",0.929411764705882,0.929411764705882,0.929411764705882,1
"gray94",0.941176470588235,0.941176470588235,0.941176470588235,1
"gray95",0.949019607843137,0.949019607843137,0.949019607843137,1
"gray96",0.96078431372549,0.96078431372549,0.96078431372549,1
"gray97",0.968627450980392,0.968627450980392,0.968627450980392,1
"gray98",0.980392156862745,0.980392156862745,0.980392156862745,1
"gray99",0.988235294117647,0.988235294117647,0.988235294117647,1
"gray100",1,1,1,1
"green",0,1,0,1
"green1",0,1,0,1
"green2",0,0.933333333333333,0,1
"green3",0,0.803921568627451,0,1
"green4",0,0.545098039215686,0,1
"greenyellow",0.67843137254902,1,0.184313725490196,1
"grey",0.745098039215686,0.745098039215686,0.745098039215686,1
"grey0",0,0,0,1
"grey1",0.0117647058823529,0.0117647058823529,0.0117647058823529,1
"grey2",0.0196078431372549,0.0196078431372549,0.0196078431372549,1
"grey3",0.0313725490196078,0.0313725490196078,0.0313725490196078,1
"grey4",0.0392156862745098,0.0392156862745098,0.0392156862745098,1
"grey5",0.0509803921568627,0.0509803921568627,0.0509803921568627,1
"grey6",0.0588235294117647,0.0588235294117647,0.0588235294117647,1
"grey7",0.0705882352941176,0.0705882352941176,0.0705882352941176,1
"grey8",0.0784313725490196,0.0784313725490196,0.0784313725490196,1
"grey9",0.0901960784313725,0.0901960784313725,0.0901960784313725,1
"grey10",0.101960784313725,0.101960784313725,0.101960784313725,1
"grey11",0.109803921568627,0.109803921568627,0.109803921568627,1
"grey12",0.12156862745098,0.12156862745098,0.12156862745098,1
"grey13",0.129411764705882,0.129411764705882,0.129411764705882,1
"grey14",0.141176470588235,0.141176470588235,0.141176470588235,1
"grey15",0.149019607843137,0.149019607843137,0.149019607843137,1
"grey16",0.16078431372549,0.16078431372549,0.16078431372549,1
"grey17",0.168627450980392,0.168627450980392,0.168627450980392,1
"grey18",0.180392156862745,0.180392156862745,0.180392156862745,1
"grey19",0.188235294117647,0.188235294117647,0.188235294117647,1
"grey20",0.2,0.2,0.2,1
"grey21",0.211764705882353,0.211764705882353,0.211764705882353,1
"grey22",0.219607843137255,0.219607843137255,0.219607843137255,1
"grey23",0.231372549019608,0.231372549019608,0.231372549019608,1
"grey24",0.23921568627451,0.23921568627451,0.23921568627451,1
"grey25",0.250980392156863,0.250980392156863,0.250980392156863,1
"grey26",0.258823529411765,0.258823529411765,0.258823529411765,1
"grey27",0.270588235294118,0.270588235294118,0.270588235294118,1
"grey28",0.27843137254902,0.27843137254902,0.27843137254902,1
"grey29",0.290196078431373,0.290196078431373,0.290196078431373,1
"grey30",0.301960784313725,0.301960784313725,0.301960784313725,1
"grey31",0.309803921568627,0.309803921568627,0.309803921568627,1
"grey32",0.32156862745098,0.32156862745098,0.32156862745098,1
"grey33",0.329411764705882,0.329411764705882,0.329411764705882,1
"grey34",0.341176470588235,0.341176470588235,0.341176470588235,1
"grey35",0.349019607843137,0.349019607843137,0.349019607843137,1
"grey36",0.36078431372549,0.36078431372549,0.36078431372549,1
"grey37",0.368627450980392,0.368627450980392,0.368627450980392,1
"grey38",0.380392156862745,0.380392156862745,0.380392156862745,1
"grey39",0.388235294117647,0.388235294117647,0.388235294117647,1
"grey40",0.4,0.4,0.4,1
"grey41",0.411764705882353,0.411764705882353,0.411764705882353,1
"grey42",0.419607843137255,0.419607843137255,0.419607843137255,1
"grey43",0.431372549019608,0.431372549019608,0.431372549019608,1
"grey44",0.43921568627451,0.43921568627451,0.43921568627451,1
"grey45",0.450980392156863,0.450980392156863,0.450980392156863,1
"grey46",0.458823529411765,0.458823529411765,0.458823529411765,1
"grey47",0.470588235294118,0.470588235294118,0.470588235294118,1
"grey48",0.47843137254902,0.47843137254902,0.47843137254902,1
"grey49",0.490196078431373,0.490196078431373,0.490196078431373,1
"grey50",0.498039215686275,0.498039215686275,0.498039215686275,1
"grey51",0.509803921568627,0.509803921568627,0.509803921568627,1
"grey52",0.52156862745098,0.52156862745098,0.52156862745098,1
"grey53",0.529411764705882,0.529411764705882,0.529411764705882,1
"grey54",0.541176470588235,0.541176470588235,0.541176470588235,1
"grey55",0.549019607843137,0.549019607843137,0.549019607843137,1
"grey56",0.56078431372549,0.56078431372549,0.56078431372549,1
"grey57",0.568627450980392,0.568627450980392,0.568627450980392,1
"grey58",0.580392156862745,0.580392156862745,0.580392156862745,1
"grey59",0.588235294117647,0.588235294117647,0.588235294117647,1
"grey60",0.6,0.6,0.6,1
"grey61",0.611764705882353,0.611764705882353,0.611764705882353,1
"grey62",0.619607843137255,0.619607843137255,0.619607843137255,1
"grey63",0.631372549019608,0.631372549019608,0.631372549019608,1
"grey64",0.63921568627451,0.63921568627451,0.63921568627451,1
"grey65",0.650980392156863,0.650980392156863,0.650980392156863,1
"grey66",0.658823529411765,0.658823529411765,0.658823529411765,1
"grey67",0.670588235294118,0.670588235294118,0.670588235294118,1
"grey68",0.67843137254902,0.67843137254902,0.67843137254902,1
"grey69",0.690196078431373,0.690196078431373,0.690196078431373,1
"grey70",0.701960784313725,0.701960784313725,0.701960784313725,1
"grey71",0.709803921568627,0.709803921568627,0.709803921568627,1
"grey72",0.72156862745098,0.72156862745098,0.72156862745098,1
"grey73",0.729411764705882,0.729411764705882,0.729411764705882,1
"grey74",0.741176470588235,0.741176470588235,0.741176470588235,1
"grey75",0.749019607843137,0.749019607843137,0.749019607843137,1
"grey76",0.76078431372549,0.76078431372549,0.76078431372549,1
"grey77",0.768627450980392,0.768627450980392,0.768627450980392,1
"grey78",0.780392156862745,0.780392156862745,0.780392156862745,1
"grey79",0.788235294117647,0.788235294117647,0.788235294117647,1
"grey80",0.8,0.8,0.8,1
"grey81",0.811764705882353,0.811764705882353,0.811764705882353,1
"grey82",0.819607843137255,0.819607843137255,0.819607843137255,1
"grey83",0.831372549019608,0.831372549019608,0.831372549019608,1
"grey84",0.83921568627451,0.83921568627451,0.83921568627451,1
"grey85",0.850980392156863,0.850980392156863,0.850980392156863,1
"grey86",0.858823529411765,0.858823529411765,0.858823529411765,1
"grey87",0.870588235294118,0.870588235294118,0.870588235294118,1
"grey88",0.87843137254902,0.87843137254902,0.87843137254902,1
"grey89",0.890196078431372,0.890196078431372,0.890196078431372,1
"grey90",0.898039215686275,0.898039215686275,0.898039215686275,1
"grey91",0.909803921568627,0.909803921568627,0.909803921568627,1
"grey92",0.92156862745098,0.92156862745098,0.92156862745098,1
"grey93",0.929411764705882,0.929411764705882,0.929411764705882,1
"grey94",0.941176470588235,0.941176470588235,0.941176470588235,1
"grey95",0.949019607843137,0.949019607843137,0.949019607843137,1
"grey96",0.96078431372549,0.96078431372549,0.96078431372549,1
"grey97",0.968627450980392,0.968627450980392,0.968627450980392,1
"grey98",0.980392156862745,0.980392156862745,0.980392156862745,1
"grey99",0.988235294117647,0.988235294117647,0.988235294117647,1
"grey100",1,1,1,1
"honeydew",0.941176470588235,1,0.941176470588235,1
"honeydew1",0.941176470588235,1,0.941176470588235,1
"honeydew2",0.87843137254902,0.933333333333333,0.87843137254902,1
"honeydew3",0.756862745098039,0.803921568627451,0.756862745098039,1
"honeydew4",0.513725490196078,0.545098039215686,0.513725490196078,1
"hotpink",1,0.411764705882353,0.705882352941177,1
"hotpink1",1,0.431372549019608,0.705882352941177,1
"hotpink2",0.933333333333333,0.415686274509804,0.654901960784314,1
"hotpink3",0.803921568627451,0.376470588235294,0.564705882352941,1
"hotpink4",0.545098039215686,0.227450980392157,0.384313725490196,1
"indianred",0.803921568627451,0.36078431372549,0.36078431372549,1
"indianred1",1,0.415686274509804,0.415686274509804,1
"indianred2",0.933333333333333,0.388235294117647,0.388235294117647,1
"indianred3",0.803921568627451,0.333333333333333,0.333333333333333,1
"indianred4",0.545098039215686,0.227450980392157,0.227450980392157,1
"ivory",1,1,0.941176470588235,1
"ivory1",1,1,0.941176470588235,1
"ivory2",0.933333333333333,0.933333333333333,0.87843137254902,1
"ivory3",0.803921568627451,0.803921568627451,0.756862745098039,1
"ivory4",0.545098039215686,0.545098039215686,0.513725490196078,1
"khaki",0.941176470588235,0.901960784313726,0.549019607843137,1
"khaki1",1,0.964705882352941,0.56078431372549,1
"khaki2",0.933333333333333,0.901960784313726,0.52156862745098,1
"khaki3",0.803921568627451,0.776470588235294,0.450980392156863,1
"khaki4",0.545098039215686,0.525490196078431,0.305882352941176,1
"lavender",0.901960784313726,0.901960784313726,0.980392156862745,1
"lavenderblush",1,0.941176470588235,0.96078431372549,1
"lavenderblush1",1,0.941176470588235,0.96078431372549,1
"lavenderblush2",0.933333333333333,0.87843137254902,0.898039215686275,1
"lavenderblush3",0.803921568627451,0.756862745098039,0.772549019607843,1
"lavenderblush4",0.545098039215686,0.513725490196078,0.525490196078431,1
"lawngreen",0.486274509803922,0.988235294117647,0,1
"lemonchiffon",1,0.980392156862745,0.803921568627451,1
"lemonchiffon1",1,0.980392156862745,0.803921568627451,1
"lemonchiffon2",0.933333333333333,0.913725490196078,0.749019607843137,1
"lemonchiffon3",0.803921568627451,0.788235294117647,0.647058823529412,1
"lemonchiffon4",0.545098039215686,0.537254901960784,0.43921568627451,1
"lightblue",0.67843137254902,0.847058823529412,0.901960784313726,1
"lightblue1",0.749019607843137,0.937254901960784,1,1
"lightblue2",0.698039215686274,0.874509803921569,0.933333333333333,1
"lightblue3",0.603921568627451,0.752941176470588,0.803921568627451,1
"lightblue4",0.407843137254902,0.513725490196078,0.545098039215686,1
"lightcoral",0.941176470588235,0.501960784313725,0.501960784313725,1
"lightcyan",0.87843137254902,1,1,1
"lightcyan1",0.87843137254902,1,1,1
"lightcyan2",0.819607843137255,0.933333333333333,0.933333333333333,1
"lightcyan3",0.705882352941177,0.803921568627451,0.803921568627451,1
"lightcyan4",0.47843137254902,0.545098039215686,0.545098039215686,1
"lightgoldenrod",0.933333333333333,0.866666666666667,0.509803921568627,1
"lightgoldenrod1",1,0.925490196078431,0.545098039215686,1
"lightgoldenrod2",0.933333333333333,0.862745098039216,0.509803921568627,1
"lightgoldenrod3",0.803921568627451,0.745098039215686,0.43921568627451,1
"lightgoldenrod4",0.545098039215686,0.505882352941176,0.298039215686275,1
"lightgoldenrodyellow",0.980392156862745,0.980392156862745,0.823529411764706,1
"lightgray",0.827450980392157,0.827450980392157,0.827450980392157,1
"lightgreen",0.564705882352941,0.933333333333333,0.564705882352941,1
"lightgrey",0.827450980392157,0.827450980392157,0.827450980392157,1
"lightpink",1,0.713725490196078,0.756862745098039,1
"lightpink1",1,0.682352941176471,0.725490196078431,1
"lightpink2",0.933333333333333,0.635294117647059,0.67843137254902,1
"lightpink3",0.803921568627451,0.549019607843137,0.584313725490196,1
"lightpink4",0.545098039215686,0.372549019607843,0.396078431372549,1
"lightsalmon",1,0.627450980392157,0.47843137254902,1
"lightsalmon1",1,0.627450980392157,0.47843137254902,1
"lightsalmon2",0.933333333333333,0.584313725490196,0.447058823529412,1
"lightsalmon3",0.803921568627451,0.505882352941176,0.384313725490196,1
"lightsalmon4",0.545098039215686,0.341176470588235,0.258823529411765,1
"lightseagreen",0.125490196078431,0.698039215686274,0.666666666666667,1
"lightskyblue",0.529411764705882,0.807843137254902,0.980392156862745,1
"lightskyblue1",0.690196078431373,0.886274509803922,1,1
"lightskyblue2",0.643137254901961,0.827450980392157,0.933333333333333,1
"lightskyblue3",0.552941176470588,0.713725490196078,0.803921568627451,1
"lightskyblue4",0.376470588235294,0.482352941176471,0.545098039215686,1
"lightslateblue",0.517647058823529,0.43921568627451,1,1
"lightslategray",0.466666666666667,0.533333333333333,0.6,1
"lightslategrey",0.466666666666667,0.533333333333333,0.6,1
"lightsteelblue",0.690196078431373,0.768627450980392,0.870588235294118,1
"lightsteelblue1",0.792156862745098,0.882352941176471,1,1
"lightsteelblue2",0.737254901960784,0.823529411764706,0.933333333333333,1
"lightsteelblue3",0.635294117647059,0.709803921568627,0.803921568627451,1
"lightsteelblue4",0.431372549019608,0.482352941176471,0.545098039215686,1
"lightyellow",1,1,0.87843137254902,1
"lightyellow1",1,1,0.87843137254902,1
"lightyellow2",0.933333333333333,0.933333333333333,0.819607843137255,1
"lightyellow3",0.803921568627451,0.803921568627451,0.705882352941177,1
"lightyellow4",0.545098039215686,0.545098039215686,0.47843137254902,1
"limegreen",0.196078431372549,0.803921568627451,0.196078431372549,1
"linen",0.980392156862745,0.941176470588235,0.901960784313726,1
"magenta",1,0,1,1
"magenta1",1,0,1,1
"magenta2",0.933333333333333,0,0.933333333333333,1
"magenta3",0.803921568627451,0,0.803921568627451,1
"magenta4",0.545098039215686,0,0.545098039215686,1
"maroon",0.690196078431373,0.188235294117647,0.376470588235294,1
"maroon1",1,0.203921568627451,0.701960784313725,1
"maroon2",0.933333333333333,0.188235294117647,0.654901960784314,1
"maroon3",0.803921568627451,0.16078431372549,0.564705882352941,1
"maroon4",0.545098039215686,0.109803921568627,0.384313725490196,1
"mediumaquamarine",0.4,0.803921568627451,0.666666666666667,1
"mediumblue",0,0,0.803921568627451,1
"mediumorchid",0.729411764705882,0.333333333333333,0.827450980392157,1
"mediumorchid1",0.87843137254902,0.4,1,1
"mediumorchid2",0.819607843137255,0.372549019607843,0.933333333333333,1
"mediumorchid3",0.705882352941177,0.32156862745098,0.803921568627451,1
"mediumorchid4",0.47843137254902,0.215686274509804,0.545098039215686,1
"mediumpurple",0.576470588235294,0.43921568627451,0.858823529411765,1
"mediumpurple1",0.670588235294118,0.509803921568627,1,1
"mediumpurple2",0.623529411764706,0.474509803921569,0.933333333333333,1
"mediumpurple3",0.537254901960784,0.407843137254902,0.803921568627451,1
"mediumpurple4",0.364705882352941,0.27843137254902,0.545098039215686,1
"mediumseagreen",0.235294117647059,0.701960784313725,0.443137254901961,1
"mediumslateblue",0.482352941176471,0.407843137254902,0.933333333333333,1
"mediumspringgreen",0,0.980392156862745,0.603921568627451,1
"mediumturquoise",0.282352941176471,0.819607843137255,0.8,1
"mediumvioletred",0.780392156862745,0.0823529411764706,0.52156862745098,1
"midnightblue",0.0980392156862745,0.0980392156862745,0.43921568627451,1
"mintcream",0.96078431372549,1,0.980392156862745,1
"mistyrose",1,0.894117647058824,0.882352941176471,1
"mistyrose1",1,0.894117647058824,0.882352941176471,1
"mistyrose2",0.933333333333333,0.835294117647059,0.823529411764706,1
"mistyrose3",0.803921568627451,0.717647058823529,0.709803921568627,1
"mistyrose4",0.545098039215686,0.490196078431373,0.482352941176471,1
"moccasin",1,0.894117647058824,0.709803921568627,1
"navajowhite",1,0.870588235294118,0.67843137254902,1
"navajowhite1",1,0.870588235294118,0.67843137254902,1
"navajowhite2",0.933333333333333,0.811764705882353,0.631372549019608,1
"navajowhite3",0.803921568627451,0.701960784313725,0.545098039215686,1
"navajowhite4",0.545098039215686,0.474509803921569,0.368627450980392,1
"navy",0,0,0.501960784313725,1
"navyblue",0,0,0.501960784313725,1
"oldlace",0.992156862745098,0.96078431372549,0.901960784313726,1
"olivedrab",0.419607843137255,0.556862745098039,0.137254901960784,1
"olivedrab1",0.752941176470588,1,0.243137254901961,1
"olivedrab2",0.701960784313725,0.933333333333333,0.227450980392157,1
"olivedrab3",0.603921568627451,0.803921568627451,0.196078431372549,1
"olivedrab4",0.411764705882353,0.545098039215686,0.133333333333333,1
"orange",1,0.647058823529412,0,1
"orange1",1,0.647058823529412,0,1
"orange2",0.933333333333333,0.603921568627451,0,1
"orange3",0.803921568627451,0.52156862745098,0,1
"orange4",0.545098039215686,0.352941176470588,0,1
"orangered",1,0.270588235294118,0,1
"orangered1",1,0.270588235294118,0,1
"orangered2",0.933333333333333,0.250980392156863,0,1
"orangered3",0.803921568627451,0.215686274509804,0,1
"orangered4",0.545098039215686,0.145098039215686,0,1
"orchid",0.854901960784314,0.43921568627451,0.83921568627451,1
"orchid1",1,0.513725490196078,0.980392156862745,1
"orchid2",0.933333333333333,0.47843137254902,0.913725490196078,1
"orchid3",0.803921568627451,0.411764705882353,0.788235294117647,1
"orchid4",0.545098039215686,0.27843137254902,0.537254901960784,1
"palegoldenrod",0.933333333333333,0.909803921568627,0.666666666666667,1
"palegreen",0.596078431372549,0.984313725490196,0.596078431372549,1
"palegreen1",0.603921568627451,1,0.603921568627451,1
"palegreen2",0.564705882352941,0.933333333333333,0.564705882352941,1
"palegreen3",0.486274509803922,0.803921568627451,0.486274509803922,1
"palegreen4",0.329411764705882,0.545098039215686,0.329411764705882,1
"paleturquoise",0.686274509803922,0.933333333333333,0.933333333333333,1
"paleturquoise1",0.733333333333333,1,1,1
"paleturquoise2",0.682352941176471,0.933333333333333,0.933333333333333,1
"paleturquoise3",0.588235294117647,0.803921568627451,0.803921568627451,1
"paleturquoise4",0.4,0.545098039215686,0.545098039215686,1
"palevioletred",0.858823529411765,0.43921568627451,0.576470588235294,1
"palevioletred1",1,0.509803921568627,0.670588235294118,1
"palevioletred2",0.933333333333333,0.474509803921569,0.623529411764706,1
"palevioletred3",0.803921568627451,0.407843137254902,0.537254901960784,1
"palevioletred4",0.545098039215686,0.27843137254902,0.364705882352941,1
"papayawhip",1,0.937254901960784,0.835294117647059,1
"peachpuff",1,0.854901960784314,0.725490196078431,1
"peachpuff1",1,0.854901960784314,0.725490196078431,1
"peachpuff2",0.933333333333333,0.796078431372549,0.67843137254902,1
"peachpuff3",0.803921568627451,0.686274509803922,0.584313725490196,1
"peachpuff4",0.545098039215686,0.466666666666667,0.396078431372549,1
"peru",0.803921568627451,0.52156862745098,0.247058823529412,1
"pink",1,0.752941176470588,0.796078431372549,1
"pink1",1,0.709803921568627,0.772549019607843,1
"pink2",0.933333333333333,0.662745098039216,0.72156862745098,1
"pink3",0.803921568627451,0.568627450980392,0.619607843137255,1
"pink4",0.545098039215686,0.388235294117647,0.423529411764706,1
"plum",0.866666666666667,0.627450980392157,0.866666666666667,1
"plum1",1,0.733333333333333,1,1
"plum2",0.933333333333333,0.682352941176471,0.933333333333333,1
"plum3",0.803921568627451,0.588235294117647,0.803921568627451,1
"plum4",0.545098039215686,0.4,0.545098039215686,1
"powderblue",0.690196078431373,0.87843137254902,0.901960784313726,1
"purple",0.627450980392157,0.125490196078431,0.941176470588235,1
"purple1",0.607843137254902,0.188235294117647,1,1
"purple2",0.568627450980392,0.172549019607843,0.933333333333333,1
"purple3",0.490196078431373,0.149019607843137,0.803921568627451,1
"purple4",0.333333333333333,0.101960784313725,0.545098039215686,1
"red",1,0,0,1
"red1",1,0,0,1
"red2",0.933333333333333,0,0,1
"red3",0.803921568627451,0,0,1
"red4",0.545098039215686,0,0,1
"rosybrown",0.737254901960784,0.56078431372549,0.56078431372549,1
"rosybrown1",1,0.756862745098039,0.756862745098039,1
"rosybrown2",0.933333333333333,0.705882352941177,0.705882352941177,1
"rosybrown3",0.803921568627451,0.607843137254902,0.607843137254902,1
"rosybrown4",0.545098039215686,0.411764705882353,0.411764705882353,1
"royalblue",0.254901960784314,0.411764705882353,0.882352941176471,1
"royalblue1",0.282352941176471,0.462745098039216,1,1
"royalblue2",0.262745098039216,0.431372549019608,0.933333333333333,1
"royalblue3",0.227450980392157,0.372549019607843,0.803921568627451,1
"royalblue4",0.152941176470588,0.250980392156863,0.545098039215686,1
"saddlebrown",0.545098039215686,0.270588235294118,0.0745098039215686,1
"salmon",0.980392156862745,0.501960784313725,0.447058823529412,1
"salmon1",1,0.549019607843137,0.411764705882353,1
"salmon2",0.933333333333333,0.509803921568627,0.384313725490196,1
"salmon3",0.803921568627451,0.43921568627451,0.329411764705882,1
"salmon4",0.545098039215686,0.298039215686275,0.223529411764706,1
"sandybrown",0.956862745098039,0.643137254901961,0.376470588235294,1
"seagreen",0.180392156862745,0.545098039215686,0.341176470588235,1
"seagreen1",0.329411764705882,1,0.623529411764706,1
"seagreen2",0.305882352941176,0.933333333333333,0.580392156862745,1
"seagreen3",0.262745098039216,0.803921568627451,0.501960784313725,1
"seagreen4",0.180392156862745,0.545098039215686,0.341176470588235,1
"seashell",1,0.96078431372549,0.933333333333333,1
"seashell1",1,0.96078431372549,0.933333333333333,1
"seashell2",0.933333333333333,0.898039215686275,0.870588235294118,1
"seashell3",0.803921568627451,0.772549019607843,0.749019607843137,1
"seashell4",0.545098039215686,0.525490196078431,0.509803921568627,1
"sienna",0.627450980392157,0.32156862745098,0.176470588235294,1
"sienna1",1,0.509803921568627,0.27843137254902,1
"sienna2",0.933333333333333,0.474509803921569,0.258823529411765,1
"sienna3",0.803921568627451,0.407843137254902,0.223529411764706,1
"sienna4",0.545098039215686,0.27843137254902,0.149019607843137,1
"skyblue",0.529411764705882,0.807843137254902,0.92156862745098,1
"skyblue1",0.529411764705882,0.807843137254902,1,1
"skyblue2",0.494117647058824,0.752941176470588,0.933333333333333,1
"skyblue3",0.423529411764706,0.650980392156863,0.803921568627451,1
"skyblue4",0.290196078431373,0.43921568627451,0.545098039215686,1
"slateblue",0.415686274509804,0.352941176470588,0.803921568627451,1
"slateblue1",0.513725490196078,0.435294117647059,1,1
"slateblue2",0.47843137254902,0.403921568627451,0.933333333333333,1
"slateblue3",0.411764705882353,0.349019607843137,0.803921568627451,1
"slateblue4",0.27843137254902,0.235294117647059,0.545098039215686,1
"slategray",0.43921568627451,0.501960784313725,0.564705882352941,1
"slategray1",0.776470588235294,0.886274509803922,1,1
"slategray2",0.725490196078431,0.827450980392157,0.933333333333333,1
"slategray3",0.623529411764706,0.713725490196078,0.803921568627451,1
"slategray4",0.423529411764706,0.482352941176471,0.545098039215686,1
"slategrey",0.43921568627451,0.501960784313725,0.564705882352941,1
"snow",1,0.980392156862745,0.980392156862745,1
"snow1",1,0.980392156862745,0.980392156862745,1
"snow2",0.933333333333333,0.913725490196078,0.913725490196078,1
"snow3",0.803921568627451,0.788235294117647,0.788235294117647,1
"snow4",0.545098039215686,0.537254901960784,0.537254901960784,1
"springgreen",0,1,0.498039215686275,1
"springgreen1",0,1,0.498039215686275,1
"springgreen2",0,0.933333333333333,0.462745098039216,1
"springgreen3",0,0.803921568627451,0.4,1
"springgreen4",0,0.545098039215686,0.270588235294118,1
"steelblue",0.274509803921569,0.509803921568627,0.705882352941177,1
"steelblue1",0.388235294117647,0.72156862745098,1,1
"steelblue2",0.36078431372549,0.674509803921569,0.933333333333333,1
"steelblue3",0.309803921568627,0.580392156862745,0.803921568627451,1
"steelblue4",0.211764705882353,0.392156862745098,0.545098039215686,1
"tan",0.823529411764706,0.705882352941177,0.549019607843137,1
"tan1",1,0.647058823529412,0.309803921568627,1
"tan2",0.933333333333333,0.603921568627451,0.286274509803922,1
"tan3",0.803921568627451,0.52156862745098,0.247058823529412,1
"tan4",0.545098039215686,0.352941176470588,0.168627450980392,1
"thistle",0.847058823529412,0.749019607843137,0.847058823529412,1
"thistle1",1,0.882352941176471,1,1
"thistle2",0.933333333333333,0.823529411764706,0.933333333333333,1
"thistle3",0.803921568627451,0.709803921568627,0.803921568627451,1
"thistle4",0.545098039215686,0.482352941176471,0.545098039215686,1
"tomato",1,0.388235294117647,0.27843137254902,1
"tomato1",1,0.388235294117647,0.27843137254902,1
"tomato2",0.933333333333333,0.36078431372549,0.258823529411765,1
"tomato3",0.803921568627451,0.309803921568627,0.223529411764706,1
"tomato4",0.545098039215686,0.211764705882353,0.149019607843137,1
"turquoise",0.250980392156863,0.87843137254902,0.815686274509804,1
"turquoise1",0,0.96078431372549,1,1
"turquoise2",0,0.898039215686275,0.933333333333333,1
"turquoise3",0,0.772549019607843,0.803921568627451,1
"turquoise4",0,0.525490196078431,0.545098039215686,1
"violet",0.933333333333333,0.509803921568627,0.933333333333333,1
"violetred",0.815686274509804,0.125490196078431,0.564705882352941,1
"violetred1",1,0.243137254901961,0.588235294117647,1
"violetred2",0.933333333333333,0.227450980392157,0.549019607843137,1
"violetred3",0.803921568627451,0.196078431372549,0.470588235294118,1
"violetred4",0.545098039215686,0.133333333333333,0.32156862745098,1
"wheat",0.96078431372549,0.870588235294118,0.701960784313725,1
"wheat1",1,0.905882352941176,0.729411764705882,1
"wheat2",0.933333333333333,0.847058823529412,0.682352941176471,1
"wheat3",0.803921568627451,0.729411764705882,0.588235294117647,1
"wheat4",0.545098039215686,0.494117647058824,0.4,1
"whitesmoke",0.96078431372549,0.96078431372549,0.96078431372549,1
"yellow",1,1,0,1
"yellow1",1,1,0,1
"yellow2",0.933333333333333,0.933333333333333,0,1
"yellow3",0.803921568627451,0.803921568627451,0,1
"yellow4",0.545098039215686,0.545098039215686,0,1
"yellowgreen",0.603921568627451,0.803921568627451,0.196078431372549,1
